term,kind,passages_containing
RSA,acronym,648
PFA,acronym,319
PRA,acronym,109
CPS,acronym,91
RTS,acronym,74
ECRS,acronym,55
TH,acronym,52
RPFA,acronym,50
PFC,acronym,49
ETD,acronym,44
PIN,acronym,40
TPFA,acronym,40
PW,acronym,32
NIMC,acronym,30
MPP,acronym,27
NIN,acronym,20
RLA,acronym,20
CBN,acronym,19
NSITF,acronym,19
GNTP,acronym,17
FGN,acronym,15
ARTICLE,acronym,14
MDA,acronym,13
CRS,acronym,10
ATE,acronym,8
CSV,acronym,8
FRACE,acronym,8
IPPIS,acronym,8
VNIN,acronym,8
DRE,acronym,7
YYYY,acronym,7
DB,acronym,6
DBS,acronym,6
N1,acronym,6
N100,acronym,6
N500,acronym,6
SRBC,acronym,6
TPIN,acronym,6
VC,acronym,6
DD,acronym,5
ID,acronym,5
MMM,acronym,5
NOK,acronym,5
NPF,acronym,5
API,acronym,4
BVN,acronym,4
CPFA,acronym,4
FCMB,acronym,4
IT,acronym,4
NAICOM,acronym,4
PDF,acronym,4
PENSION,acronym,4
RBBRF,acronym,4
SMS,acronym,4
VII,acronym,4
BOI,acronym,3
FCCPC,acronym,3
FCT,acronym,3
FOREIGN,acronym,3
FRCN,acronym,3
The Commission,phrase,64
Voluntary Contributions,phrase,56
National Pension Commission,phrase,45
Administration of Retirement and Terminal Benefits,phrase,42
Revised Regulation,phrase,37
Registration Guidelines,phrase,36
Mortgage Lender,phrase,35
Pension Reform Act,phrase,30
Contributory Pension Scheme,phrase,28
Retirement Savings Account,phrase,28
Pension Fund Operators,phrase,26
Residential Mortgage,phrase,26
Transfer Quarter,phrase,24
Equity Contribution,phrase,23
Interest Fund,phrase,23
Pension Fund Administrator,phrase,23
The Administrator,phrase,21
Micro Pension Contributor,phrase,20
Micro Pension Plan,phrase,20
Programmed Withdrawal,phrase,20
Central Bank of Nigeria,phrase,18
Pension Industry,phrase,18
Operational Framework For Non,phrase,15
Federal Capital Territory,phrase,13
Investment Regulation,phrase,13
Retiree Life Annuity,phrase,13
Transfer Control Account,phrase,12
Pension Fund Administrators,phrase,11
Pension Fund Custodian,phrase,11
Private Sector,phrase,11
Fund Investment Transit Accounts,phrase,10
International Passport,phrase,10
Micro Pension,phrase,10
The Retiree,phrase,10
Fund Investment Accounts,phrase,9
Investment of Pension Fund Assets,phrase,9
National Identity Management Commission,phrase,9
Public Service,phrase,9
Mandate Files,phrase,8
Voluntary Contribution,phrase,8
Employer Code,phrase,7
Employer Name,phrase,7
Federal Government,phrase,7
Federal Republic of Nigeria,phrase,7
Group Life Insurance Policy,phrase,7
Legal Beneficiary,phrase,7
Local Government Area Code,phrase,7
National Identity Card,phrase,7
Provisional Approval,phrase,7
Registration Forms,phrase,7
Retiree Fund,phrase,7
Retirement Savings Accounts,phrase,7
The Mortgage Lender,phrase,7
Treasury Funded,phrase,7
Consent Form,phrase,6
Departments and Agencies,phrase,6
First Name,phrase,6
National Databank,phrase,6
National Driver,phrase,6
National Identity Number,phrase,6
