passage_id,split,question,level
pencom_faq_2023-0163,validation,What are the types of Retirement Benefits under the CPS?,
pencom_faq_2023-0164,validation,What are the modes of accessing periodic pension payments under the CPS?,
pencom_faq_2023-0165,validation,What is Programmed Withdrawal (PW)?,
pencom_faq_2023-0166,validation,What is Retiree Life Annuity (RLA)?,
pencom_faq_2023-0167,validation,What is lump sum payment?,
pencom_faq_2023-0168,validation,Will gratuity be paid under the CPS?,
pencom_faq_2023-0169,validation,How can I purchase a Life Annuity Contract from a Life Assurance Company?,
pencom_faq_2023-0170,validation,Can I choose Programmed Withdrawal (PW) and later change to Retiree Life Annuity (RLA)?,
pencom_faq_2023-0171,validation,Can I choose Retiree Life Annuity and later change to Programmed Withdrawal?,
pencom_faq_2023-0172,validation,What are the Components of RSA Balance at Retirement?,
pencom_faq_2023-0173,validation,What do I need to do for my Accrued Rights (Retirement Bond) to be paid?,
pencom_faq_2023-0174,validation,What happens when an FGN employee is promoted after participating in the enrolment exercise?,
pencom_faq_2023-0175,validation,What is the retirement age under the CPS?,
pencom_faq_2023-0176,validation,What age can I access retirement benefits?,
pencom_faq_2023-0177,validation,When can I have access to the money in my RSA?,
pencom_faq_2023-0178,validation,"What happens to an employee who retired under the CPS due to physical or mental incapacity, but is subsequently recertified fit and proper for employment?",
pencom_faq_2023-0179,validation,What happens to the balance in the RSA after a lump sum withdrawal?,
pencom_faq_2023-0180,validation,Can I make a lump sum withdrawal of more than 25% of my RSA balance?,
pencom_faq_2023-0181,validation,What happens to a retiree with an insufficient balance in his/her RSA?,
pencom_faq_2023-0182,validation,Why would the RSA balance of two employees who were employed on the same day/level be different at retirement?,
pencom_faq_2023-0183,validation,Why would the amount of monthly pension and lump sum differ between employees who retired at the same time and on the same salary grade?,
pencom_faq_2023-0184,validation,What constitutes the consolidated benefits of a deceased employee who died in active service?,
pencom_faq_2023-0185,validation,What is the procedure for accessing the RSA of a deceased employee?,
pencom_faq_2023-0186,validation,How would the consolidated benefits of an employee who died prior to opening an RSA be processed in favour of his beneficiaries?,
pencom_faq_2023-0187,validation,What is the quantum of benefits under the Group Life Insurance Policy?,
pencom_faq_2023-0188,validation,Who pays the premium for a Group Life Insurance Policy?,
pencom_faq_2023-0189,validation,Are employees covered for life by the Group Life Insurance Policy?,
pencom_faq_2023-0190,validation,Can an employer provide Group Life Insurance cover for more than three times the Annual Total Emolument of the employee?,
pencom_faq_2023-0191,validation,What is Annual Total Emolument (ATE)?,
pencom_faq_2023-0192,validation,Can pension be increased under the CPS?,
pencom_faq_2023-0193,validation,What happens to Additional inflow into a retiree's RSA?,
pencom_faq_2023-0194,validation,How is monthly Pension Arrears treated?,
pencom_faq_2023-0195,validation,What is pension enhancement?,
pencom_faq_2023-0196,validation,How often does Pension enhancement occur?,
pencom_faq_2023-0197,validation,How can I suspend my monthly/quarterly Pension payment?,
pencom_faq_2023-0222,test,What is Micro Pension Plan (MPP)?,
pencom_faq_2023-0223,test,Why Micro Pension?,
pencom_faq_2023-0224,test,Has the MPP been successful in other Countries?,
pencom_faq_2023-0225,test,Is the mandatory CPS different from the MPP?,
pencom_faq_2023-0226,test,Who can participate in the MPP?,
pencom_faq_2023-0227,test,Can one have more than one RSA under the MPP?,
pencom_faq_2023-0228,test,Can an individual in the formal sector who already has an RSA also participate in the MPP?,
pencom_faq_2023-0229,test,How do I register/enroll for MPP?,
pencom_faq_2023-0230,test,Where do I locate the PFA of my choice?,
pencom_faq_2023-0231,test,Who will manage and keep custody of funds accumulated under the MPP?,
pencom_faq_2023-0232,test,What measures have been put in place by PenCom to safeguard the funds under the MPP?,
pencom_faq_2023-0233,test,Is there a provision for the guarantee of the safety of assets under the MPP?,
pencom_faq_2023-0234,test,Do contributions in the Micro Pension RSAs generate income?,
pencom_faq_2023-0235,test,Would my Contributions under the MPP be subject to any taxes?,
pencom_faq_2023-0236,test,Can I decide which financial instruments my Contributions should be invested in?,
pencom_faq_2023-0237,test,Is the MPP different from a savings account maintained with a Commercial Bank?,
pencom_faq_2023-0238,test,What is the minimum amount of contribution acceptable under the MPP?,
pencom_faq_2023-0239,test,How often can one contribute under the MPP?,
pencom_faq_2023-0240,test,How can I make contributions under the MPP?,
pencom_faq_2023-0241,test,Can a Contributor use his MPP Account as collateral for a loan?,
pencom_faq_2023-0242,test,Can a Contributor access an amount from his RSA in excess of his MPP Account balance and repay over a period?,
pencom_faq_2023-0243,test,What is the composition of the MPP contribution?,
pencom_faq_2023-0244,test,How do I access my RSA under the MPP?,
pencom_faq_2023-0245,test,What is Contingent Withdrawal?,
pencom_faq_2023-0246,test,What is Retirement Benefit Withdrawal?,
pencom_faq_2023-0247,test,How do I withdraw my Contingent Portion?,
pencom_faq_2023-0248,test,For how long will an individual contribute before he/she can access the contingent portion?,
pencom_faq_2023-0249,test,How long does it take to receive payment from my Contingent Contribution?,
pencom_faq_2023-0250,test,What happens if the Micro Pension Contributor gets a formal employment?,
pencom_faq_2023-0251,test,What is the retirement age of Micro Pension Contributor?,
pencom_faq_2023-0252,test,How do I access my contributions after retirement?,
pencom_faq_2023-0253,test,What is Programmed Withdrawal under the MPP?,
pencom_faq_2023-0254,test,What is Annuity under the MPP?,
pencom_faq_2023-0255,test,What is the length of the Annuity Guaranteed Period under the MPP?,
pencom_faq_2023-0256,test,What happens to the balance in the Micro Pension Contributor's RSA in the event of death?,
pencom_faq_2023-0257,test,Can I participate in the MPP upon retirement from my job in the formal sector?,
pencom_faq_2023-0258,test,Can I convert from mandatory CPS to MPP upon my retirement?,
pencom_faq_2023-0259,test,What are the minimal documents required for MPP registration?,
pencom_faq_2023-0260,test,Can an MPP Contributor transfer his/her RSA from one PFA to another?,
pencom_faq_2023-0261,test,How can a State Government access pension funds for infrastructural development?,
pencom_faq_2023-0262,test,Can a State forward its Pension Law to PenCom for review before signing?,
pencom_faq_2023-0263,test,How can a State open a Retirement Benefit Bond Redemption Fund (RBBRF) account?,
pencom_faq_2023-0264,test,Can a State have a sinking fund and an RBBRF account?,
pencom_faq_2023-0265,test,Can a State employer access funds from a deceased or active employee's RSA account to settle debt?,
pencom_faq_2023-0266,test,Can an employee of a State apply for a loan from his/her RSA?,
pencom_faq_2023-0267,test,Are States employees mandated to open RSAs with only PFAs appointed by the States?,
pencom_faq_2023-0282,test,Who can I complain to if I have a problem with my PFA or employer?,
pencom_faq_2023-0283,test,"What happens where a contributor, retiree, beneficiary or pension operator is dissatisfied with a decision or action taken by PenCom?",
pencom_faq_2023-0284,test,How often should I get RSA Statement from my PFA?,
pencom_faq_2023-0285,test,How can I monitor my RSA?,
pencom_faq_2023-0286,test,"How are monthly deductions of contributions handled when one is either a contract or casual staff whose salary is not broken down into basic, transport and housing allowances?",
pencom_faq_2023-0287,test,What happens when there is difference between the contribution credited to my RSA and what is actually deducted as shown on my pay slip?,
pencom_faq_2023-0288,test,"What happens to the accrued pension benefits of employees who were hitherto in the services of States and Local Governments, but later transferred their service to the Federal Government after the commencement of the CPS?",
pencom_faq_2023-0289,test,What happens to an employee of a Treasury-Funded MDA whose pension contribution is not being remitted to his/her RSA?,
pencom_rsa_transfer_faq-0001,validation,What is RSA Transfer?,
pencom_rsa_transfer_faq-0002,validation,How often can an RSA holder transfer his/her RSA?,
pencom_rsa_transfer_faq-0003,validation,How is an RSA transfer initiated?,
pencom_rsa_transfer_faq-0004,validation,What is the RSA Transfer System?,
pencom_rsa_transfer_faq-0005,validation,What is a Receiving PFA?,
pencom_rsa_transfer_faq-0006,validation,What is a Transferring PFA?,
pencom_rsa_transfer_faq-0007,validation,How does an RSA holder start the RSA transfer process?,
pencom_rsa_transfer_faq-0008,validation,What information does an RSA holder need to provide to enable him/her transfer an RSA?,
pencom_rsa_transfer_faq-0009,validation,When can an RSA holder submit an RSA transfer request?,
pencom_rsa_transfer_faq-0010,validation,Does an RSA holder need to inform his/her current PFA before transferring his/her RSA?,
pencom_rsa_transfer_faq-0011,validation,Is there any fee to be paid by an RSA holder for transferring an RSA?,
pencom_rsa_transfer_faq-0012,validation,How long does it take for an RSA transfer request to be concluded?,
pencom_rsa_transfer_faq-0013,validation,How does an RSA holder get information on the status of his/her RSA transfer request?,
pencom_rsa_transfer_faq-0014,validation,What does an RSA holder need to do after successful completion of the RSA transfer?,
pencom_rsa_transfer_faq-0015,validation,Who are the RSA holders that are eligible to transfer their RSAs?,
pencom_rsa_transfer_faq-0016,validation,What are the safeguards of the RSA transfer process?,
pencom_rsa_transfer_faq-0017,validation,Can a retiree on Programmed Withdrawal (PW) transfer his/her RSA?,
pencom_rsa_transfer_faq-0018,validation,"Can a retiree on Annuity, transfer his/her pension funds from an Insurance Company to a PFA?",
pencom_rsa_transfer_faq-0019,validation,Can a retiree on PW move to annuity while his/her RSA transfer request is undergoing processing?,
pencom_rsa_transfer_faq-0020,validation,Can a Micro Pension Contributor transfer his/her RSA?,
pencom_rsa_transfer_faq-0021,validation,Can an employee of a State that has adopted the CPS transfer his/her RSA?,
pencom_rsa_transfer_faq-0022,validation,How does an RSA holder know that his/her request for RSA transfer is successful?,
pencom_rsa_transfer_faq-0023,validation,Can an employer compel its employees to transfer their RSAs to a particular PFA?,
pencom_rsa_transfer_faq-0024,validation,What should an RSA holder do if his/her current PFA refuses to recapture his/her biodata and biometric information on the ECRS?,
pencom_rsa_transfer_faq-0025,validation,Where can an RSA holder get information about PFAs to guide his/her decision on RSA transfer?,
pencom_rsa_transfer_faq-0026,validation,Can an RSA holder cancel an RSA transfer request after initiating the process?,
pencom_rsa_transfer_faq-0027,validation,Are PFAs allowed to induce RSA holders to influence their decisions to transfer?,
pencom_rsa_transfer_faq-0028,validation,Under what circumstances can an RSA transfer request be rejected?,
pencom_rsa_transfer_faq-0029,validation,How does PenCom ensure that PFAs adhere to timelines for successful conclusion of the RSA Transfer processes?,
pencom_rsa_transfer_faq-0030,validation,Are there any sanctions for operators in case of failure to adhere to the RSA Transfer Regulation?,
pencom_rsa_transfer_faq-0031,validation,Is there a provision for a finger print impaired RSA holder to initiate an RSA Transfer?,
trustfund_faq-0001,test,WHAT IS THIS NEW PENSION SCHEME?,
trustfund_faq-0002,test,WHO IS COVERED BY THE NEW PENSION SCHEME?,
trustfund_faq-0003,test,WHO IS EXEMPTED FROM THE NEW PENSION SCHEME?,
trustfund_faq-0004,test,IS THE NEW PENSION SCHEME COMPULSORY FOR ALL CATERGORIES OF EMPLOYERS AND EMPLOYEES COVERED UNDER THE ACT?,
trustfund_faq-0005,test,WILL PRIVATE SECTOR PENSION SCHEMES BE ALLOWED TO CONTINUE?,
trustfund_faq-0006,test,HOW MUCH WILL AN EMPLOYEE CONTRIBUTE INTO THE NEW SCHEME?,
trustfund_faq-0007,test,WILL MY EMPLOYER ALSO CONTRIBUTE?,
trustfund_faq-0008,test,CAN THE EMPLOYER MAKE THE TOTAL CONTRIBUTIONS ON BEHALF OF THE EMPLOYEE?,
trustfund_faq-0009,test,WILL THE CONTRIBUTIONS LEAD TO A DECREASE IN MY MONTHLY EMOLUMENTS?,
trustfund_faq-0010,test,ARE PENSION CONTRIBUTIONS PAID TO THE PFA?,
trustfund_faq-0011,test,WHAT DOES A “FULLY FUNDED” PENSION SCHEME MEAN?,
trustfund_faq-0012,test,WHAT IS A RETIREMENT SAVINGS ACCOUNT (RSA)?,
trustfund_faq-0013,test,IS THE RSA OPERATED LIKE A BANK ACCOUNT?,
trustfund_faq-0014,test,HOW DOES MOVEMENT FROM ONE EMPLOYMENT TO ANOTHER AFFECT PENSION?,
trustfund_faq-0031,test,HOW WILL THE MONEY CONTRIBUTED BE MANAGED?,
trustfund_faq-0032,test,HOW IS THE NEW SCHEME TO BE REGULATED?,
trustfund_faq-0033,test,WHAT ARE THE MAIN FUNCTIONS OF THE NATIONAL PENSION COMMISSION?,
trustfund_faq-0034,test,WHO IS A PENSION FUND ADMINISTRATOR (PFA)?,
trustfund_faq-0035,test,CAN A PFA HAVE ACCESS TO THE MONEY IN MY RSA?,
trustfund_faq-0036,test,WHO IS QUALIFIED TO BE LICENCED AS A CLOSED PFA?,
trustfund_faq-0037,test,"CAN ANY EMPLOYER BE ALLOWED TO CONTINUE MAINTAINING ITS EXISTING SCHEME IF THE TOTAL ASSETS IN THE SCHEME IS LESS THAN N500,000,000?",
trustfund_faq-0038,test,IS IT ONLY EMPLOYEES WHO JOINED AN ORGANISATION AFTER THE COMMENCEMENT OF THE PENSION REFORM ACT THAT CAN ELECT TO OPT OUT OF A CLOSED PFA?,
trustfund_faq-0039,test,CAN A NEW MULTINATIONAL COMPANY WITHOUT AN EXISTING PENSION FUND BUT WITH CAPACITY FOR FULLY FUNDED DEFINED BENEFIT PENSION SCHEME APPLY AS A CLOSED PFA TO MANAGE THE PENSION OF ITS EMPLOYEES?,
trustfund_faq-0040,test,WHO IS A CUSTODIAN?,
trustfund_faq-0041,test,WHAT IS THE MINIMUM FINANCIAL REQUIREMENT FOR A PFA LICENCE?,
trustfund_faq-0042,test,CAN I MOVE MY ACCOUNT FROM ONE PFA TO ANOTHER?,
trustfund_faq-0043,test,WILL THE PFA CHARGE FEES FOR THEIR SERVICES?,
trustfund_faq-0044,test,WHY ESTABLISH NEW COMPANIES TO BE LICENCED AS PFAs AND PFCs?,
