passage_id,numbers,decision,preview
pencom_faq_2023-0034,"10%, 18%, 8%",,"The minimum rate of contribution is 18% of the employee’s monthly emoluments, where 10% is contributed by the employer and 8% is contributed"
pencom_faq_2023-0035,8%,,An employee may decide to make additional contributions above the minimum 8% provided the employee's total contribution and other deductions
pencom_faq_2023-0037,2%,,"PenCom would mandate an employer who fails to remit its employees' pension contributions within 7 working days after payment of salary, to m"
pencom_faq_2023-0122,25%,,"An applicant is allowed to take a maximum of 25% of his/her RSA balance as at the date of application. However, where the equity contributio"
pencom_faq_2023-0123,25%,,The applicant is required to deposit the difference with the mortgage lender before 25% of the RSA balance can be accessed as equity contrib
pencom_faq_2023-0127,"25%, 40%, 60%",,"Yes. Where 25% of the RSA balance (i.e. the 60%) is not sufficient for equity contribution, Micro Pension Contributor(s) may access their co"
pencom_faq_2023-0129,25%,,Yes. An RSA holder who has accessed 25% of his/her RSA balance due to loss of job can access equity contribution for residential mortgage pr
pencom_faq_2023-0150,5%,,Accrued pension and gratuity of eligible employees of Federal Government Treasury Funded MDAs are paid from the Retirement Benefit Bond Rede
pencom_faq_2023-0151,5%,,No. The FCT has established a separate RBBRF Account with the CBN into which it pays 5% of the monthly wage bill payable to its employees an
pencom_faq_2023-0177,25%,,An RSA holder will have access to his/her RSA upon retirement based on his/her condition of service or upon attaining the age of 50 years (w
pencom_faq_2023-0180,50%,,This is possible provided the amount left in the RSA after such lump sum withdrawal shall be sufficient to fund a Programmed Withdrawal or L
pencom_faq_2023-0193,"50%, N100,000.00",,a) Retirees on PW who receive additional remittances into their RSAs shall have their benefits reprogrammed as follows: i. A PFA shall use t
pencom_faq_2023-0195,5%,,"Retirees on PW with a minimum of 5% growth in their RSAs, from the date of initial programming or their last enhancement date, shall be enti"
pencom_faq_2023-0218,"10%, 8%",,A company can obtain PCC by formally applying to PenCom and attaching the following documents: i. Certified list of employees of the organiz
pencom_faq_2023-0243,"40%, 60%",,"MPP contribution comprises two portions, namely: Contingent (40%) and Retirement benefit (60%)."
pencom_faq_2023-0261,300%,,"States can access pension funds through the issuance of a state bond, if it meets the following requirements: i. Enact a Law to establish th"
pencom_faq_2023-0273,5%,,"Where an individual or institution owns shares in more than one PFA or PFC, he/she cannot have significant shareholding (5% and above) in mo"
trustfund_faq-0006,8%,,"An employee shall make monthly contributions of a minimum of 8% of the total of his/her monthly emolument (i.e., monthly basic salary, trans"
trustfund_faq-0007,10%,,"The employer shall contribute a minimum of 10% of the employee’s monthly emolument (sumation of monthly basic salary, transport and housing "
trustfund_faq-0008,20%,,An employer can make all the contributions on behalf of the employee without making any deduction from the employee’s salary except that suc
trustfund_faq-0016,5%,,The Federal Government has established a Retirement Benefits Bond Redemption Fund Account in the Central Bank of Nigeria. The Federal Govern
trustfund_faq-0036,"N500,000,000",,"Any employer having existing pension fund assets worth N500,000,000 or more who also meets the requirements of the Pension Reform Act 2014,m"
trustfund_faq-0037,"N500,000,000",,"Any employer with existing scheme of less that N500,000,000 can still maintain the scheme but the scheme will have to be administered by a P"
trustfund_faq-0041,N1,,"An applicant PFA must be a dully incorporated limited liability company in Nigeria under the Comapanies and Allied Matters Act, Cap.C.20 LFN"
fcmb_faq-0005,"10%, 18%",,"A minimum of 18% of monthly basic salary, housing and transport allowances, with the employer contributing at least 10%."
fcmb_faq-0015,50 %,,Voluntary Contributions represents contributions which an RSA holder can contribute voluntarily into his or her Retirement Savings Account t
fcmb_faq-0025,25 %,,• Lump Sum & Programmed Withdrawal/Annuity • En bloc payment • Temporary access to RSA (25 %) payment • Death Benefits payment • Voluntary C
fcmb_faq-0030,25%,,No. You are only allowed to access 25% of your RSA balance once. The remaining RSA balance will be accessed at the age of 50 years or at ret
fcmb_faq-0037,"10%, 18%, 8%",,Your pension contributions are savings out of your emoluments towards achieving a comfortable life at retirement. Your employer is required 
reg_rsa_transfer_2024-0144,2%,,"4.8.9 In addition to the sanctions referred to in 4.8.8 above, paying PFAs shall compensate the affected RSA Holders for lost income at the "
reg_rsa_transfer_2024-0173,2%,,"5.1.3 Where the variance report establishes a shortfall in the RSA balance transferred by the TPFA, the Commission shall request the TPFA to"
reg_rsa_transfer_2024-0175,2%,,"5.1.5 If the RPFA fails to refund the excess amount in 5.1.4 within the time specified, the Commission shall mandate it to pay an additional"
reg_rsa_transfer_2024-0185,2%,,"5.4.3 If the Commission establishes that the PFA remitted an amount less than the actual value of the RSA, the Commission shall do the follo"
reg_rsa_transfer_2024-0242,"N250,000, N300,000, N50,000",,"Deliberate Non-submission of TH: INF01 i) N300,000 for the first RSA Transfer Quarter (N50,000 to the RSA holder and N250,000 to the Commiss"
reg_rsa_transfer_2024-0244,5%,,Understatement of RSA Balance on TH: INF014 5% (flat) on the amount understated (per RSA)
reg_retirement_benefits_2022-0024,"N100,000.00",,"2.2.12 However, where the additional inflow into the RSA of a retiree on RLA is not up to N100,000.00, the amount shall be paid directly int"
reg_retirement_benefits_2022-0059,25%,,3.6 Temporary loss of Employment The RSA holder shall submit the following: (a) Letter of acceptance of resignation or disengagement issued 
reg_retirement_benefits_2022-0064,"25%, 50%",,"4.1 Programmed Withdrawal/Retiree Life Annuity (a) A PFA shall at the point of processing a retirement benefit, ensure that all components o"
reg_retirement_benefits_2022-0066,50%,,4.3.1 Retirees on PW who receive additional remittances into their RSAs shall have their benefits reprogrammed as follows: (a) A PFA shall u
reg_retirement_benefits_2022-0068,5%,,4.4 Pension Enhancement There shall be a periodic pension enhancement for retirees on PW based on the Return of Investment of funds in the R
reg_retirement_benefits_2022-0074,25%,,"4.7 Temporary Access to RSA Due to Loss of Job (a) Any employee who voluntarily retires, disengages or is disengaged from employment before "
reg_retirement_benefits_2022-0079,"N20,000.00, N200,000.00",,5.1 Where a PFA delays the submission of a request for the payment of benefits by a retiree/beneficiary(ies) to the Commission for approval 
reg_retirement_benefits_2022-0080,"N20,000.00, N200,000.00",,"5.2 Where a PFA delays payment of retirement benefits for up to 5 working days after receipt of no-objection from the Commission, it shall p"
reg_retirement_benefits_2022-0081,"N500,000.00",,"5.3 A PFA that fails, neglects or refuses to enlighten the retiree on the features of PW and RLA to enable the retiree make an informed deci"
reg_retirement_benefits_2022-0082,"N1,000,000.00",,"5.4 A PFA and/or PFC that pays retirement benefits without the Commission’s prior no-objection shall pay an administrative sanction of N1,00"
reg_retirement_benefits_2022-0084,"N500,000.00",,"5.6 Any PFA that pays an amount lower than that specified on the no-objection approval granted by the Commission, shall, in addition to payi"
reg_retirement_benefits_2022-0085,"N500,000.00",,"5.7 Any PFA that negligently submits to the Commission, a request with incorrect information that is likely to result to accelerated depleti"
reg_retirement_benefits_2022-0086,"N100,000.00",,"5.8 Any PFA that negligently submits to the Commission, a request with incorrect information and later request the permission of the Commiss"
reg_retirement_benefits_2022-0087,"N2,000,000.00",,5.9 Any violation of any provision of this Regulation for which no sanction has been prescribed shall attract an administrative sanction of 
reg_retirement_benefits_2022-0141,25 percent,,"Section 7(1) Section 7 (2): A holder of an RSA shall, upon retirement or attaining the age of 50 years, whichever is later, utilise the amou"
reg_retirement_benefits_2022-0178,300%,,"Proceeds of GLIP: This is the sum assured paid to the Named Beneficiary(ies) of an employee who dies in service, which is a minimum of 300% "
reg_retirement_benefits_2022-0188,25%,,Temporary loss of job: This is when an employee disengages or is disengaged from employment before the age of 50 years and is unable to secu
reg_retirement_benefits_2022-0191,50%,,Voluntary Contributions (Contingent portion): This is the 50% portion of the voluntary contributions that can be accessed by the contributor
reg_retirement_benefits_2022-0192,50%,,Voluntary Contributions (Fixed portion): This is the 50% portion of the voluntary contributions which has been locked and cannot be accessed
guide_voluntary_contributions_2018-0035,"N5,000,000.00",,"3.11 In line with the Money Laundering Act (MLA) 2011 and Nigerian Drug Law Enforcement Agency (NDLEA) requirement, PFC shall report any sin"
guide_voluntary_contributions_2018-0037,50%,,"3.13 For active contributors, the Voluntary Contributions Section of the RSA statement shall be divided into two: i. 50% shall be the contin"
guide_voluntary_contributions_2018-0073,50%,,"5.1.4 In line with Clause 3.13 above, (50%) of every amount lodged as Voluntary Contribution shall be treated as “contingent” and available "
guide_voluntary_contributions_2018-0076,50%,,"5.1.7 The contributor making subsequent withdrawal in line with Clause 5.1.6 above, shall only withdraw a maximum of 50% of the value of inc"
guide_voluntary_contributions_2018-0078,50%,,"5.1.9 Where an active or mandatory contributor retires from his/her employment, the balance of his/her “fixed” Voluntary Contribution as in "
guide_rsa_registration_2024-0167,"N500,000.00",,"6.2.2 A PFA shall ensure that it N500,000.00 does not make multiple per affected submissions for the submission generation of employer codes"
guide_rsa_registration_2024-0168,"N100,000.00",,"6.3.3 PFAs shall ensure that all N100,000.00 documents uploaded are per illegible clear and legible, and in the document specified format."
guide_rsa_registration_2024-0169,"N1,000,000.00",,"6.3.5 PFAs shall ensure that N1,000,000.00 photos and signatures per affected RSA uploaded are the facial images and signatures of the appli"
guide_rsa_registration_2024-0170,"N1,000,000.00",,"6.3.7 A PFA shall ensure that it does N1,000,000.00 for not fraudulently register a registration per client. RSA holder."
guide_rsa_registration_2024-0171,"N1,000,000.00",,"6.4.2 A PFA shall ensure that it does N1,000,000.00 for not fraudulently recapture a Recapture per client. RSA holder."
guide_rsa_registration_2024-0172,"N100,000",,"6.4.3 A PFA shall ensure that it does N100,000 per RSA not deliberately refuse to recapture its client. Revised RSA Registration Guidelines "
guide_rsa_registration_2024-0190,"N250,000.00",,"Employer Codes Request: 6.2.1 PFAs shall ensure that they do not submit Employer Code requests in respect of existing employers. N250,000.00"
guide_rsa_registration_2024-0191,"N100,000.00",,"RSA Registration: 6.3.1 PFAs shall ensure that they obtain all the documents specified for RSA registration for issuance of PIN. N100,000.00"
guide_rsa_registration_2024-0192,"N400,000.00",,"6.4.1: PFAs shall ensure that they recapture their Clients with correct PINs and details. N400,000.00 per wrong recapture of an RSA."
framework_micro_pension_2018-0012,"40%, 60%",,"5.3.2.1 Due to the nature of the target groups, there is need to allow access to a portion of the balances in the Retirement Savings Account"
framework_micro_pension_2018-0019,"40%, 60%",,"5.6 Investment 1. Micro Pension contributions shall be treated as the Micro Pension Fund (MPF). However, the contributions shall be split in"
guide_mortgage_equity_2022-0024,25%,,2.1 The maximum amount to be applied as equity contribution for residential mortgage shall be 25% of the total RSA balance as at the date of
guide_mortgage_equity_2022-0025,25%,,"2.2 Notwithstanding 2.1 above, where the value of 25% of RSA balance is more than the required equity contribution, the RSA holder can only "
guide_mortgage_equity_2022-0026,25%,,"2.3 Where the value of 25% of the RSA is lower than the equity contribution required by the Mortgage Lender, the RSA holder shall deposit th"
guide_mortgage_equity_2022-0032,25%,,"3.6 Where an RSA holder had accessed his/her RSA balance for residential mortgage and 25% due to loss of job, he/she shall access lump sum a"
guide_mortgage_equity_2022-0033,25%,,"3.7 Where an RSA holder had accessed his/her RSA balance for residential mortgage, he/she shall sign a consent with his/her PFA before acces"
guide_mortgage_equity_2022-0040,25%,,"4.1.4 Notwithstanding 4.1.2 above, NSITF and Pre-Scheme contributions in respect of an active RSA contributor may form part of the RSA balan"
guide_mortgage_equity_2022-0047,25%,,4.1.11 RSA holders that have utilised 25% of their RSA balance for equity contribution for residential mortgage shall be eligible for paymen
guide_mortgage_equity_2022-0062,25%,,"5.1.6 Upon confirmation of the property offer letter, the applicant shall approach his/her PFA and request for his/her RSA Statement for the"
guide_mortgage_equity_2022-0066,25%,,"5.1.10 Upon receipt of the duly endorsed RSA statement, the Mortgage Lender shall verify if the 25% of the applicant’s RSA balance will be s"
guide_mortgage_equity_2022-0067,25%,,"5.1.11 Where 25% of the RSA balance is sufficient as equity contribution, the Mortgage Lender shall issue a mortgage offer letter to the app"
guide_mortgage_equity_2022-0068,25%,,"5.1.12 Where 25% of the RSA balance(s) is not sufficient, the Mortgage Lender shall request for the payment of supplementary equity contribu"
guide_mortgage_equity_2022-0070,25%,,"5.1.14 Within two working days of the issuance of the mortgage offer letter to the applicant(s), the Mortgage Lender shall forward a copy of"
guide_mortgage_equity_2022-0074,25%,,5.1.18 The application form shall contain the following minimum information: I. Full name of the RSA holder and RSA PIN II. Type of mortgage
guide_mortgage_equity_2022-0078,25%,,5.1.22 The PFA shall compute and validate that the requested amount is not more than 25% of his/her RSA Balance.
guide_mortgage_equity_2022-0081,25%,,"6.1.1 Upon receipt of the application from the PFA, The Commission shall review the request and confirm that the requested amount is not mor"
framework_non_interest_fund_2021-0053,N1.000,,6.5 The nominal unit price of Fund VI (RSA Fund VI and Retiree Fund VI) shall be N1.000 at the 1st day of the effective implementation of No
framework_non_interest_fund_2021-0054,N1.000,,"6.6 PFAs shall redeem units from the RSA ‘Active’ Funds (Fund I, II and III) and RSA Fund IV in respect of contributors and retirees who hav"
framework_non_interest_fund_2021-0092,"20%, 25%, 30%, 5%",,Supranational Sukuk: 20% Maximum of 5% of pension assets under management in total issues of any one Multilateral Development Finance Organi
framework_non_interest_fund_2021-0093,"25%, 5%, 7.5%",,Shariah compliant Ordinary Shares (including GDRs): 25% Maximum of 5% of value of pension assets in any one corporate entity. Maximum of 7.5
framework_non_interest_fund_2021-0094,"20%, 5%",,Shariah compliant Infrastructure Funds: 5% Maximum of 5% of value of pension assets to any one issuer. Maximum of 20% of the value of any on
framework_non_interest_fund_2021-0095,"20%, 5%",,Shariah Compliant Private Equity Funds: 5% Maximum of 5% of value of pension assets to any one issuer. Maximum of 20% of the value of any on
framework_non_interest_fund_2021-0096,"15%, 20%, 5%",,Shari’ah compliant Open/Closed- End/Hybrid Funds (including ETFs& REITs): 20% Maximum of 5% of value of pension assets to any one issuer. Ma
framework_non_interest_fund_2021-0097,"20%, 25%, 30%, 5%",,Supranational Sukuk: 20% Maximum of 5% of pension assets under management in total issues of any one Multilateral Development Finance Organi
framework_non_interest_fund_2021-0098,"2.5%, 5%, 7.5%",,Shariah compliant Ordinary Shares (including GDRs): 5% Maximum of 2.5% of value of pension assets in any one corporate entity. Maximum of 7.
framework_non_interest_fund_2021-0099,"15%, 5%",,Shari’ah compliant Open/Closed- End/Hybrid Funds (including ETFs& REITs): 5% Maximum of 5% of value of pension assets to any one issuer. Max
framework_consumer_protection_2024-0042,25%,,2.4.4.4 LPFOs shall explain to consumers the eligibility and prerequisite requirements for other grounds of benefits payment or for accessin
