source_id,title,publisher,url,style,file_type,in_core
pencom_faq_2023,Frequently Asked Questions on the Contributory Pension Scheme (2023),National Pension Commission,https://www.pencom.gov.ng/wp-content/uploads/2023/09/FREQUENTLY-ASK-QUESTION-2023-Final.pdf,plain,pdf,yes
pencom_rsa_transfer_faq,The RSA Transfer: What You Should Know (2020),National Pension Commission,https://www.pencom.gov.ng/wp-content/uploads/2020/11/FAQ-UPDATED-11-NOVEMBER-2020.pdf,plain,pdf,yes
trustfund_faq,Frequently Asked Questions,Trustfund Pensions Limited,https://www.trustfundpensions.com/frequently-asked-questions/,plain,html,yes
fcmb_faq,FAQs,FCMB Pensions Limited,https://www.fcmbpensions.com/faqs,plain,html,yes
reg_rsa_transfer_2024,Revised Regulation for the Transfer of RSA (2024),National Pension Commission,https://www.pencom.gov.ng/wp-content/uploads/2024/02/REVISED-REGULATION-FOR-THE-TRANSFER-OF-RSA.pdf,legal,pdf,yes
reg_retirement_benefits_2022,Revised Regulation on the Administration of Retirement and Terminal Benefits (2022),National Pension Commission,https://www.pencom.gov.ng/wp-content/uploads/2022/03/REVISED-REGULATION-ON-THE-ADMINISTRATION-OF-RETIREMENT-AND-TERMINAL-BENEFITS-APPROVED-MAR-2022.pdf,legal,pdf,yes
guide_voluntary_contributions_2018,Guidelines for Voluntary Contributions under the Contributory Pension Scheme (2018),National Pension Commission,https://www.pencom.gov.ng/wp-content/uploads/2018/10/GUIDELINES-FOR-VOLUNTARY-CONTRIBUTIONS-UNDER-CONTRIBUTORY-PENSION-SCHEME.pdf,legal,pdf,yes
guide_rsa_registration_2024,Revised RSA Registration Guidelines (2024),National Pension Commission,https://www.pencom.gov.ng/wp-content/uploads/2024/02/REVISED-RSA-REGISTRATION-GUIDELINES.pdf,legal,pdf,yes
framework_micro_pension_2018,Framework for Micro Pension Plan (2018),National Pension Commission,https://www.pencom.gov.ng/wp-content/uploads/2018/09/FRAMEWORK-FOR-MICRO-PENSION-PLAN.pdf,legal,pdf,yes
guide_mortgage_equity_2022,Guidelines on Accessing RSA Balance towards Payment of Equity Contribution for Residential Mortgage (2022),National Pension Commission,https://www.pencom.gov.ng/wp-content/uploads/2022/09/GUIDELINES-ON-ACCESSING-RSA-BALANCE-TOWARDS-PAYMENT-OF-EQUITY-CONTRIBUTION-FOR-RESIDENTIAL-MORTGAGE-BY-RSA-HOLDERS.pdf,legal,pdf,yes
framework_non_interest_fund_2021,Operational Framework for Non-Interest Fund (2021),National Pension Commission,https://www.pencom.gov.ng/wp-content/uploads/2021/06/OPERATIONAL-FRAMEWORK-FOR-NON-INTEREST-FUND.pdf,legal,pdf,yes
framework_consumer_protection_2024,Consumer Protection Framework for the Nigerian Pension Industry (2024),National Pension Commission,https://www.pencom.gov.ng/wp-content/uploads/2024/04/CONSUMER-PROTECTION-FRAMEWORK-FOR-THE-NIGERIAN-PENSION-INDUSTRY.pdf,legal,pdf,yes
pension_reform_act_2014,Pension Reform Act 2014,National Pension Commission,https://www.pencom.gov.ng/wp-content/uploads/2018/01/PRA_2014.pdf,legal,pdf,no
pencom_faq_2018,Frequently Asked Questions on the Contributory Pension Scheme (2018),National Pension Commission,https://www.pencom.gov.ng/wp-content/uploads/2018/04/FAQ-CPS-reviewed.-17-Apr.-2018.pdf,plain,pdf,no
