source_id,file_name,url,style,file_type,in_core,bytes,sha256,downloaded_on,status
pencom_faq_2023,pencom_faq_2023.pdf,https://www.pencom.gov.ng/wp-content/uploads/2023/09/FREQUENTLY-ASK-QUESTION-2023-Final.pdf,plain,pdf,yes,900833,392fb1f7c981ba14d2c0401e5b3e72f851a2d3e3a130f360b6c0bcdd19882347,2026-10-06,ok
pencom_rsa_transfer_faq,pencom_rsa_transfer_faq.pdf,https://www.pencom.gov.ng/wp-content/uploads/2020/11/FAQ-UPDATED-11-NOVEMBER-2020.pdf,plain,pdf,yes,599634,0829f955a42d7530a9e8fd497f9953a39beffe6b5f25d64e9078a2edca8cc4b8,2026-10-06,ok
trustfund_faq,trustfund_faq.html,https://www.trustfundpensions.com/frequently-asked-questions/,plain,html,yes,104533,9ff6b766c4439f9262af3760fa0907db428367a9e620a88acb3d1c62e202005d,2026-10-06,ok
fcmb_faq,fcmb_faq.html,https://www.fcmbpensions.com/faqs,plain,html,yes,101362,359bb02e8fba52e79a640937a1785724e27d1738076ce4724b6b43eb5bc081cd,2026-10-06,ok
reg_rsa_transfer_2024,reg_rsa_transfer_2024.pdf,https://www.pencom.gov.ng/wp-content/uploads/2024/02/REVISED-REGULATION-FOR-THE-TRANSFER-OF-RSA.pdf,legal,pdf,yes,903197,7385231da46d77a907d74da13e5b6e6d8030ae68e772ec0b7ee5a909ac25ff95,2026-10-06,ok
reg_retirement_benefits_2022,reg_retirement_benefits_2022.pdf,https://www.pencom.gov.ng/wp-content/uploads/2022/03/REVISED-REGULATION-ON-THE-ADMINISTRATION-OF-RETIREMENT-AND-TERMINAL-BENEFITS-APPROVED-MAR-2022.pdf,legal,pdf,yes,1065772,440d0d6069132b597e5d8c53af4523596cde455d761e6014360122f1db8ac8de,2026-10-06,ok
guide_voluntary_contributions_2018,guide_voluntary_contributions_2018.pdf,https://www.pencom.gov.ng/wp-content/uploads/2018/10/GUIDELINES-FOR-VOLUNTARY-CONTRIBUTIONS-UNDER-CONTRIBUTORY-PENSION-SCHEME.pdf,legal,pdf,yes,595832,44f07d95b0a8c426b7c351380f1b38b24508da327b7438ca264ae2b92918dab9,2026-10-06,ok
guide_rsa_registration_2024,guide_rsa_registration_2024.pdf,https://www.pencom.gov.ng/wp-content/uploads/2024/02/REVISED-RSA-REGISTRATION-GUIDELINES.pdf,legal,pdf,yes,1019961,3ce9d6ad527e84fbd6b0f714c9483d3a6b3840f966c5d9ca57f548da426f5af2,2026-10-06,ok
framework_micro_pension_2018,framework_micro_pension_2018.pdf,https://www.pencom.gov.ng/wp-content/uploads/2018/09/FRAMEWORK-FOR-MICRO-PENSION-PLAN.pdf,legal,pdf,yes,155404,4d27166b9c488e4d2337f9b76ff79cb8cf538cbd44ccd7d80556787915f6483e,2026-10-06,ok
guide_mortgage_equity_2022,guide_mortgage_equity_2022.pdf,https://www.pencom.gov.ng/wp-content/uploads/2022/09/GUIDELINES-ON-ACCESSING-RSA-BALANCE-TOWARDS-PAYMENT-OF-EQUITY-CONTRIBUTION-FOR-RESIDENTIAL-MORTGAGE-BY-RSA-HOLDERS.pdf,legal,pdf,yes,525847,18bfb9770cb3438078d8454be66376b72e0a0a3d172f4ccb9ba3d5445db88b89,2026-10-06,ok
framework_non_interest_fund_2021,framework_non_interest_fund_2021.pdf,https://www.pencom.gov.ng/wp-content/uploads/2021/06/OPERATIONAL-FRAMEWORK-FOR-NON-INTEREST-FUND.pdf,legal,pdf,yes,412825,94086a4c42cc3b722816ffc9eea409b29e9cd77516865f7c306398b0abdbd8be,2026-10-06,ok
framework_consumer_protection_2024,framework_consumer_protection_2024.pdf,https://www.pencom.gov.ng/wp-content/uploads/2024/04/CONSUMER-PROTECTION-FRAMEWORK-FOR-THE-NIGERIAN-PENSION-INDUSTRY.pdf,legal,pdf,yes,1027238,a45a19027666cf803aa8ab3a0a00d498f6ca08e7df7fbd556dfde7bb9698548b,2026-10-06,ok
pension_reform_act_2014,pension_reform_act_2014.pdf,https://www.pencom.gov.ng/wp-content/uploads/2018/01/PRA_2014.pdf,legal,pdf,no,1246811,66c91953049132f1eb69f030282b8c0005ec89f31af8e1f87546a03f7f413889,2026-10-06,ok
pencom_faq_2018,pencom_faq_2018.pdf,https://www.pencom.gov.ng/wp-content/uploads/2018/04/FAQ-CPS-reviewed.-17-Apr.-2018.pdf,plain,pdf,no,284917,2abc60b9476a7226b852c9da7fb846aa4e2865977cf232c70d68098aeb5a7229,2026-10-06,ok
